{"cameraMode":{"drawMode":0,"name":"Shaded","section":"Shading Mode"},"sceneLighting":true,"audioPlay":false,"sceneViewState":{"showFog":true,"showMaterialUpdate":false,"showSkybox":true,"showFlares":true,"showImageEffects":true,"showParticleSystems":true},"in2DMode":false,"pivot":{"x":0.8354783058166504,"y":2.9565823078155519,"z":-0.18422889709472657},"rotation":{"x":-0.030895544216036798,"y":0.9586275815963745,"z":-0.11443300545215607,"w":-0.25881606340408327},"size":10.571494102478028,"orthographic":false}